title,url,thumb,releaseDate,description,company,tag,platform
,https://store.nintendo.co.kr/70010000072183,https://store.nintendo.co.kr/media/catalog/product/cache/8e9715bba90fc562158bff7d4731afc3/_/s/_showtime_.jpg,2024/3/22,,한국닌텐도,액션,nintendo
,https://store.nintendo.co.kr/70010000072193,https://store.nintendo.co.kr/media/catalog/product/cache/8e9715bba90fc562158bff7d4731afc3/_/v/_vs.__1.jpg,2024/2/16,"번뜩이는 재치와 액션으로 동키콩과 지혜 겨루기!

Game Boy Advance(한국 미발매)에서 펼쳐진 숙명의 대결이 Nintendo Switch에서 부활.
새로워진 그래픽으로 여러 장치를 풀어 나가며 빼앗긴 미니마리오 장난감을 되찾아 옵니다.

◆동키콩으로부터 미니마리오를 되찾아라!
동키콩은 인기 장난감인 「미니마리오」가 갖고 싶었지만, 이미 미니마리오는 품절인 상황. 이에 동키콩은 공장에 들어가서 모든 미니마리오를 빼앗아 버립니다. 마리오는 미니마리오를 되찾기 위해 동키콩을 쫓게 되는데...

◆공략의 핵심은 번뜩이는 재치와 액션
마리오를 기다리고 있는 것은 장치로 가득한 스테이지.
열쇠로 문을 열어 미니마리오가 있는 곳에 도착하면 클리어.
“번뜩이는 재치”로 새로운 길을 개척하고 ""액션""으로 험난한 시련을 극복하여 모든 미니마리오를 되찾아 주세요.

◆둘이 함께 협력 플레이
이번 작품에서는 Joy-Con을 나누어 둘이 함께 협력하며 게임을 플레이할 수 있습니다. 혼자서는 클리어하지 못했던 스테이지도 둘이 역할을 분담하면 새로운 길을 발견하게 될지도 모릅니다.",한국닌텐도,"액션,퍼즐",nintendo
,https://store.nintendo.co.kr/70010000068685,https://store.nintendo.co.kr/media/catalog/product/cache/8e9715bba90fc562158bff7d4731afc3/9/0/90bde1e32d4508151bde7b245311045fd8084234b5b5358099b442b132f890b9_1687335299.jpg,2023/11/17,"마리오와 동료들의 모험이 다시.
마리오 시리즈 최초의 RPG가 지금 부활.

해외에서 27년 전에 Super Nintendo Entertainment System™으로 발매된 「슈퍼마리오 RPG」가 새로운 그래픽으로 Nintendo Switch에 부활합니다.

■스토리
피치공주를 구하기 위해 쿠파 성으로 향한 마리오.
쿠파를 쓰러뜨리고 한시름 놓았다고 생각한 그 순간, 갑자기 거대한 검이 하늘에서 떨어집니다.
검은 쿠파 성에 꽂혔고, 그 충격으로 날아가 버린 마리오는 다시 피치공주를 찾기 위해 떠나기로 합니다.
마리오는 모험 도중에 쿠파 성에 꽂힌 검으로 인해 사람들의 소원을 이루어 주는 「스타로드」가 파괴되어, 그 조각인 「스타피스」가 세계로 흩어져 버린 것을 알게 됩니다.
여행 도중에 만난 믿음직한 동료들과 함께 「스타피스」를 모아, 소원이 이루어지는 평화로운 세계를 되찾기 위한 모험이 시작됩니다.

■점프를 구사하며 필드를 모험
마리오의 특기인 「점프」 액션을 사용, 장치를 풀어 나가며 다양한 필드와 던전을 탐색해 갑니다.

■마리오와 함께 모험하는 동료들
말랑말랑한 몸을 가진 자칭 개구리 「멜로」와 스타피스를 되찾기 위해 마리오 월드를 찾은 하늘의 사자 「지노」, 그리고 마리오 시리즈의 단골, 쿠파와 피치공주가 동료가 되어 함께 모험을 펼칩니다.

■액션 커맨드를 사용한 배틀
몬스터와 전투 도중, 타이밍에 맞게 버튼을 누르면 상대에게 받는 대미지가 0이 되거나, 몬스터 전체에 공격을 주는 것이 가능합니다. 또한 버튼을 누르는 타이밍이 계속 성공하면, 「체인」이 연결되어 능력치가 올라 배틀이 유리해집니다. 익숙해질 때까지는 정확한 타이밍에 「!」 마크가 표시되어 도움을 줍니다.",한국닌텐도,"액션,RPG",nintendo
,https://store.nintendo.co.kr/70010000068690,https://store.nintendo.co.kr/media/catalog/product/cache/8e9715bba90fc562158bff7d4731afc3/2/0/20230912___1920x1080.jpg,2023/10/20,"마리오와 동료들이 원더의 세계로

「슈퍼 마리오브라더스」시리즈, 약 11년 만의 완전 신작이 Nintendo Switch로 등장. 쿠파에 납치된 「플라워 왕국」을 구하기 위해 마리오와 동료들이 적과 장치를 돌파하면서 골을 향해 달려갑니다.

◆신기한 변화「원더」
새롭게 등장하는 아이템 「원더플라워」에 닿으면, 코스가 크게 변화. 토관이 움직이거나 적의 군단이 출현하거나, 다른 모습으로 변신하거나... 코스마다 다른 놀라움과 설렘이 기다리고 있습니다.

◆좋아하는 캐릭터로 모험
마리오나 루이지, 키노피오는 물론, 피치나 데이지, 키노피코 등 시리즈 최다의 12종류의 캐릭터가 조작 가능. 요시와 톳텐은 데미지를 받지 않으므로 액션 게임을 잘 못하는 분도 안심할 수 있습니다.

◆마리오와 동료들이 코끼리로 대변신
새로운 파워업 「코끼리마리오」는 큰 몸집과 긴 코를 활용한 액션코스 전체를 달립니다. 그 외에도 「거품마리오」나 「드릴마리오」가 새롭게 등장. 마리오들은 특별한 능력을 가진 새로운 모습으로 활약합니다.

◆배지로 펼쳐지는 다채로운 액션
모험을 진행시키면 입수되는 「배지」는 성능이나 액션을 변경가능한 특수한 효과를 갖고 있습니다. 모자를 사용하여 활공하거나, 덩굴을 발사하여 벽에 붙거나 코스의 특성이나 자신의 취향에 맞게 능력을 커스터마이즈 할 수 있습니다.

◆다같이 함께 플레이
Joy-Con을 나눔 플레이하면 최대 4명 플레이 가능. 다양한 조합으로 모험을 즐길 수 있습니다. 온라인에 접속하면 동시간에 세계의 어딘가에서 모험하는 플레이어가 코스나 월드맵에 희미한 모습으로 출현. 다른 세계에 있으면서도 인사하고, 실수한 상대를 구하거나 아이템을 나누는 등 서로 도와가며 함께 모험할 수 있습니다.",✕ 1 ~ 4,액션,nintendo
,https://store.nintendo.co.kr/70070000016391,https://store.nintendo.co.kr/media/catalog/product/cache/8e9715bba90fc562158bff7d4731afc3/d/c/dcf29399534deee8feec8d947fee5688c3b154da9724a1849c63367d5589f2ec.jpg,2023/1/16,"『마리오 카트 8 디럭스』소프트웨어의 본편과 여러 개의 추가 콘텐츠가 포함된 『부스터 코스 패스』의 세트입니다.

●『마리오 카트 8 디럭스』
모든 장소가 서킷! 레이스, 배틀, 모든 것이 디럭스.
시리즈 최다 42명의 캐릭터가 등장!
시리즈 최다 48종류의 코스를 수록!

풍선 배틀 외에도 새로운 규칙의 배틀도 추가되는 등 배틀 모드도 충실합니다.

「핸들 어시스트 기능」을 ON으로 하면 코스에서 이탈하지 않고 달릴 수 있어, 초보자도 안심하고 플레이할 수 있습니다.
거실의 TV로 가족과 즐기는 것은 물론, 밖에서도 플레이 OK.
언제 어디서나 본인이 원하는 스타일로 즐길 수 있습니다.

●『마리오 카트 8 디럭스 - 부스터 코스 패스』
마리오 카트 시리즈의 역대 코스들이 등장!
총 48코스가 추가.

『마리오 카트 8 디럭스 - 부스터 코스 패스』는 마리오 카트 시리즈의 역대 코스 중 엄선한 코스를 리마스터하여 수록한 유료 추가 콘텐츠입니다.

■제1탄 2022년 3월 18일 배포
・황금대시 컵
Tour 파리 산책로
3DS 키노피오 서킷
N64 초코 마운틴
Wii 코코넛 몰
・복고양이 컵
Tour 도쿄 블러
DS 버섯 고개
GBA 스카이 가든
Tour 닌자 도장

■제２탄　2022년 8월 5일 배포
・순무 컵
Tour 뉴욕 미닛
SFC 마리오 서킷 3
N64 바싹바싹 사막
DS 와루이지 핀볼
・프로펠러 컵
Tour 시드니 스프린트
GBA 스노우 랜드
Wii 버섯 캐니언
아이스크림 빌딩

■제3탄　2022년 12월 8일 배포
・바위 컵
Tour 런던 루프
GBA 부끄부끄 호수
3DS 록 록 마운틴
Wii 단풍나무 로드
・문 컵
Tour 베를린 샛길
DS 피치 가든
Tour 메리 마운틴
3DS 무지개 로드

■제4탄　2023년 3월 9일 배포
・과일 컵
Tour 암스테르담 해류
GBA 리버사이드 파크
Wii DK 스노보드 경기장
요시 아일랜드
・부메랑 컵
Tour 방콕 러시
DS 마리오 서킷
GC 와루이지 스타디움
Tour 싱가포르 스피드웨이
・캐릭터 「캐서린」
과거 시리즈에 등장했던 「캐서린」이 새롭게 추가!
타입: 중량급

■제5탄　2023년 7월 12일 배포
・깃털 컵
Tour 아테네 폴리스
GC 데이지 크루저
Wii 달맞이 하이웨이
비눗방울 로드
・체리 컵
Tour 로스앤젤레스 랩
GBA 선셋 황야
Wii 엉금엉금 케이프
Tour 밴쿠버 벨로시티
・캐릭터
「마귀」「뻐끔왕」「꽃충이」가 새롭게 추가!
마귀：중량급
뻐끔왕：무제한급
꽃충이：무제한급

■제6탄　2023년 11월 9일 배포
・도토리 컵
Tour 로마 아반티
GC DK 마운틴
Wii 데이지 서킷
Tour 뻐끔 신전
・가시돌이 컵
Tour 마드리드 그란데
3DS 로젤리나 플래닛
SFC 쿠파 성 3
Wii 무지개 로드
・캐릭터
「디디콩」「펑키콩」「폴린」「키노피치」가 새롭게 추가!
디디콩：중량급
펑키콩：무제한급
폴린：무제한급
키노피치：중량급",✕ 2 ~ 12,"액션,레이싱",nintendo
마리오 + 래비드 반짝이는 희망(MARIO + RABBIDS SPARKS OF HOPE),https://store.nintendo.co.kr/70010000054004,https://store.nintendo.co.kr/media/catalog/product/cache/8e9715bba90fc562158bff7d4731afc3/4/8/4899b4f7b2bf5d4ab37c2561584c874d90f588d3a26b37ad1dc8bafb2bf657d6.jpg,2022/10/20,"마리오, 루이지, 피치공주, 래비드 피치, 래비드 루이지, 그리고 그 친구들과 함께 팀을 이루어 은하계를 여행하며 사악한 적을 무찌르고 스파키 친구들도 구해 주세요.

은하계를 가로질러 행성들을 탐험하면서 신비로운 비밀을 밝혀낼 뿐만 아니라, 흥미진진한 임무도 경험할 수 있습니다!

• 개성 넘치는 아홉 명의 영웅 중에서 세 명을 선택해 자신만의 드림팀을 꾸려 보세요.
• 은하계를 가로지르며 기존의 적을 포함한 새로운 보스를 전부 쓰러뜨려야 합니다.
• 은하계에서는 특별한 힘을 통해 전투에 도움을 주는 기묘한 존재인 스파키를 구해낼 수 있습니다.
• 영웅의 스킬을 해방할 수 있습니다. 단 적에게 돌진하거나, 동료와 함께 팀 점프를 수행하고, 엄폐물 뒤로 숨을 때는 전략적으로 움직여야 합니다.",Ubisoft,"RPG,어드벤처,전략",nintendo
마리오 스트라이커즈 배틀 리그,https://store.nintendo.co.kr/70010000049938,https://store.nintendo.co.kr/media/catalog/product/cache/8e9715bba90fc562158bff7d4731afc3/a/e/aeb32f20e1aa6b73902b44fab65fe2d54def532dfa85b2237836402a149fd42e.jpg,2022/6/10,"「격투기」×「축구」
규칙이 없는 새로운 스포츠 「스트라이크」가 개막!

볼을 손으로 잡거나, 펀치와 킥으로 라이벌을 날려버리거나, 아이템을 사용해서 필드째로 폭발시키는 등, 보통의 축구에서는 있을 수 없는 플레이가 전부 허용되는, 규칙이 없고 무엇이든 가능한 격투 축구 같은 스포츠입니다.
제한된 시간 안에 더 많은 슈팅을 성공시켜서 승리를 거머쥐세요.

1대의 본체로 각 팀당 4명씩, 최대 8명까지 대전이 가능하며, Joy-Con 가로 잡기로 나눔 플레이에도 대응합니다. 온라인 플레이에서는 전 세계의 상대와 랜덤으로 대전하는 프리 배틀에 더해, 최대 20명까지 등록할 수 있는 클럽 팀을 만들어 클럽끼리 대전하는 「스트라이커즈 클럽」 모드도 즐길 수 있습니다.",✕ 1 ~ 8,"액션,스포츠",nintendo
마리오 파티 슈퍼스타즈,https://store.nintendo.co.kr/70010000042936,https://store.nintendo.co.kr/media/catalog/product/cache/8e9715bba90fc562158bff7d4731afc3/4/b/4b541d638e46b4a19131810149e282631c7d854c3740a0387a58303cfee054cc.jpg,2021/10/29,"역대 「마리오 파티」 시리즈에서 엄선된 「주사위 게임」과, 「미니게임」을 가득 담은 「마리오 파티」가 등장

「주사위 게임」은 「Peach’s Birthday Cake」나 「Space Land」 등, Nintendo 64로 발매되었던 「마리오 파티」 시리즈에서
5개의 보드를 완전 리메이크.

「미니게임」은, 해외에서 Nintendo 64로 발매된 초대 『Mario Party』부터, Wii U로 발매된 『Mario Party 10』까지,
역대 「마리오 파티」 시리즈 중 100개의 엄선된 미니게임이 수록되어 있습니다. 「액션」, 「스포츠」, 「레이스」, 「퍼즐」 등
다양한 장르의 미니게임으로 숨돌릴 틈도 없는 대결을 즐길 수 있습니다. 모든 게임이 「버튼 조작」에 대응하고 있어,
Nintendo Switch의 Joy-Con으로 즐길 수 있는 것은 물론, Nintendo Switch Lite나 Pro 컨트롤러로도 즐길 수 있습니다.
※Joy-Con은 가로 잡기, 2개 잡기 및 Joy-Con 그립에 장착해서도 플레이할 수 있습니다.

또한 「주사위 게임」, 「미니게임」이 모두 온라인, 로컬 통신 플레이에 대응하고 있으며 온라인 플레이로는 혼자서도
세계의 플레이어와 「랜덤 매치」를 즐길 수 있습니다. 「주사위 게임」을 즐기는 도중에는 「스탬프」를 사용하여
커뮤니케이션을 할 수 있으며 친구끼리 「주사위 게임」을 플레이할 때에는 도중 저장도 가능합니다.

알림

이 소프트웨어에는 인터넷에 접속할 수 있는 환경과, Nintendo Switch Online 가입(유료)이 필요한 모드나 기능이 있습니다.",✕ 1 ~ 4,파티,nintendo
마리오 골프 슈퍼 러시,https://store.nintendo.co.kr/70010000038624,https://store.nintendo.co.kr/media/catalog/product/cache/8e9715bba90fc562158bff7d4731afc3/4/d/4da7e6a296faeb7edbe7d96e3de9e0ca94bacaf307b81bfa5239f59445a14d42.jpg,2021/6/25,"마리오 골프 시리즈 최신작이 Nintendo Switch로 등장

바람을 읽고, 지형을 파악한 뒤 신중히 생각해서 샷을 날리자.
자연이 풍요로운 코스를 무대로 친숙한 마리오 시리즈 캐릭터들을 조작해서 본격적인 골프를 즐길 수 있다. 경사에 따라 볼이 휘는 방향을 한눈에 알 수 있는 파워 게이지나, 코스의 기복을 조사할 수 있는 스캔 기능 등 코스 공략에 도움이 되는 새로운 요소도 가득하다.

게다가 새로운 마리오 골프에서는 플레이어 간의 대전에 흥미를 더하는 다양한 요소가 새롭게 등장! 그중 하나가 「스피드 골프」다. 일제히 공을 치고 나서, 자신의 공이 떨어진 곳까지 코스를 달리고, 다음 샷을 날려 컵인까지의 스피드를 겨룬다. 골프 실력뿐만 아니라, 대시나 필살기의 구사가 승패를 좌우한다.

또한, 본인의 Mii가 골프에 입문하는 주인공이 되어, 마리오 캐릭터와 교류하며 성장하는 「어드벤처 모드」를 수록. 시합에서 쌓은 경험치로 레벨업하게 되면 선호하는 능력치에 포인트를 배분하여 자유롭게 캐릭터를 육성할 수 있다! 성장시킨 Mii는 대전에 사용할 수도 있다.

로컬・인터넷 통신으로 각각 4명까지 대전할 수 있다. 혼자서 차분히 플레이하거나, 여럿이서 왁자지껄 플레이하는 등 자신의 플레이 스타일에 맞춰 즐겨 보자.

※Mii의 이름은 한국어에 대응하지 않습니다.

알림

이 소프트웨어에는 인터넷에 접속할 수 있는 환경과, Nintendo Switch Online 가입(유료)이 필요한 모드나 기능이 있습니다.",✕ 2 ~ 4,스포츠,nintendo
슈퍼 마리오 3D 월드 + 퓨리 월드,https://store.nintendo.co.kr/70010000034441,https://store.nintendo.co.kr/media/catalog/product/cache/8e9715bba90fc562158bff7d4731afc3/h/a/hacp_auzp.jpg,2021/2/12,"달리고, 오르고, 할퀴고
『슈퍼 마리오 3D 월드』가 새로운 요소를 더하여 Nintendo Switch로 등장!

2013년에 해외에서 WiiU로 발매된 「슈퍼 마리오 3D 월드」
그 「3D 월드」가 새로운 모드 「퓨리 월드」를 더해서 Nintendo Switch에 등장합니다!

◆슈퍼 마리오 3D 월드
무대는 투명한 토관으로 여러 대륙이 연결된 「요정의 나라」. 쿠파에게 잡힌 7명의 요정공주를 구하기 위한 마리오 일행의 모험이 시작됩니다.

◆퓨리 월드
무대는 커다란 호수에 섬이 떠 있는 「고양이 왕국」. 폭주하는 쿠파를 막기위해 마리오는 쿠파주니어와 팀을 짜서 새로운 모험을 시작합니다.

◆멀리 있어도 함께 플레이할 수 있는 「3D 월드」
혼자 느긋하게는 물론, 최대 4명이 왁자지껄하며 플레이할 수 있습니다.
또한 멀티 플레이에서는 나눔 플레이는 물론, 로컬 통신이나 친구와의 온라인 플레이에도 대응합니다. 멀리 있는 가족이나 친구와도 함께 모험할 수 있습니다.",✕ 2 ~ 4,액션,nintendo
페이퍼 마리오 종이접기 킹,https://store.nintendo.co.kr/70010000029728,https://store.nintendo.co.kr/media/catalog/product/cache/8e9715bba90fc562158bff7d4731afc3/d/e/ded79a7081f3c5d940e02678b88796d790da3e1fc8ba7c2fe4164be5c9d4e5dd.jpg,2020/7/17,"팔랑팔랑한 세계에 다가오는, 종이인형의 야망

종이로 만들어진 팔랑팔랑한 마리오가 활약하는 「페이퍼 마리오」시리즈의 최신작이 Nintendo Switch로 등장!

피치 성으로부터 종이접기 페스티벌에 초대받은 마리오.
그러나 성에서 기다리고 있던 것은 종이인형으로 변해 버린 피치공주와 종이인형인 「올리 왕」이었습니다.
올리 왕은 키노피오를 비롯한 「팔랑팔랑」들을 접어서,
이 세계를 전부 종이접기로 만들겠다는 야망을 내비치고는 피치공주와 함께 피치 성을 먼 산으로 옮겨 버립니다.
마리오는 올리 왕의 여동생 「올리비아」와 함께 세계를 여행하고,
때로는 팔랑팔랑 쿠파군단과 함께 힘을 합치기도 하면서 올리 왕의 야망을 저지하기 위해 피치 성으로 향합니다.

종이로 만들어진 넓은 맵에는 여러 가지 트릭과 개성 넘치는 캐릭터들과의 만남이 한가득.
캐릭터들과 이야기를 나누며, 종이인형이 되어버린 키노피오를 찾아내거나, 새로운 플레이 「종이손」으로 수수께끼를 풀어내어 나아갑니다.
마리오에게 덤벼드는 종이인형병과 「퍼즐X액션」방식의 새로운 배틀로 싸우게 됩니다.
360°로 둥글게 둘러싼 적들을 돌리고 정렬시켜 단숨에 쓰러트리자!",한국닌텐도,어드벤처,nintendo
마리오와 소닉 AT 2020 도쿄 올림픽™,https://store.nintendo.co.kr/70010000013896,https://store.nintendo.co.kr/media/catalog/product/cache/8e9715bba90fc562158bff7d4731afc3/_/a/_at_2020_.jpg,2019/11/1,"마리오와 소닉 AT 2020 도쿄 올림픽™ 체험판

다운로드 번호 : D3GM 3304 1GLB VC9B

대 인기 「마리오」와 「소닉」이 2020 도쿄 올림픽을 무대로 꿈의 경연! 

■ 신 종목을 추가한 올림픽 경기를 즐겨보자!
본 타이틀은 ""2020 도쿄 올림픽"" 공식 라이선스 게임입니다. 「마리오」와 「소닉」이 올림픽을 무대로 동료들과 활약합니다. 육상과 수영, 구기 이외에도 이번 대회부터 신 종목으로 추가된 스케이트보드, 서핑, 스포츠 클라이밍, 가라테를 포함한 21종목의 경기를 수록. Joy-Con으로의 체감 조작에 대응하고 있어 마치 진짜 경기를 하는 듯한 감각으로 플레이를 즐길 수 있습니다.

■ 2020년과 1964년, 2개의 세계에서 전개되는 스토리
신기한 게임기에 빨려 들어가 버린 마리오와 소닉이 도착한 곳은 1964년의 도쿄를 무대로 한 게임 세계였다!
본 타이틀에서는 최신 CG로 그려진 2020년과 추억의 2D 도트 표현으로 그려진 1964년이라는 2개의 세계를 오가며 스토리가 진행됩니다. 도쿄의 거리를 모험하면서 다양한 경기와 미니 게임에 도전하여 금메달을 모으자!
그들은 과연 원래의 세계로 돌아올 수 있을까…?

■ 드림 경기와 미니 게임도 다수 수록!
올림픽 경기 이외에도 오리지널 「드림 경기」를 3종목 수록. 마리오와 소닉의 세계에 맞춘 게임 특유의 플레이 요소도 구현되어 있습니다. 또한 도쿄 타워와 가부키자, 시부야 스크램블 교차로 등, 도쿄를 대표하는 명소를 무대로 한 미니 게임을 다수 수록! 버라이어티 풍부한 플레이로 도쿄의 거리를 마음껏 즐길 수 있습니다.",✕ 1 ~ 4,"액션,파티,스포츠",nintendo
루이지 맨션 3,https://store.nintendo.co.kr/70010000024608,https://store.nintendo.co.kr/media/catalog/product/cache/8e9715bba90fc562158bff7d4731afc3/g/r/green-plum_eshop-01.jpg,2019/10/31,"겁 많고 소심한 루이지가 기묘한 호텔에서 유령 퇴치…

기묘한 호텔에 초대받은 루이지 일행. 하지만 그것은 「킹부끄」의 열렬한 팬인 호텔 오너의 함정이었던 것이다!
호텔에서 루이지가 잠깐 잠든 사이에 마리오와 피치공주, 키노피오들이 납치되어 그림 안에 갇혀 버린다.
동료들을 구하기 위해, 겁 많고 소심한 루이지는 「아라따박사」가 발명한 신형 「유령싹싹」과 함께, 기묘한 플로어가 즐비한 「유령 호텔」에서 새로운 모험을 시작한다.

● 플레이 모드에 따라 플레이 인원수가 다릅니다.
-TV 모드: 1~8명
-테이블 모드: 1~8명
-휴대 모드: 1명
● 로컬 및 인터넷 통신 플레이로 최대 4대까지 함께 플레이할 수 있습니다.

● 추후 「공포의 타워」 및 「플레이 랜드」의 추가 요소를 추가 콘텐츠(유료)로 배포할 예정입니다.",✕ 1 ~ 2,어드벤처,nintendo
슈퍼 마리오 메이커 2,https://store.nintendo.co.kr/70010000020843,https://store.nintendo.co.kr/media/catalog/product/cache/8e9715bba90fc562158bff7d4731afc3/f/i/file_10.jpg,2019/6/28,"만들자! 플레이하자! 모두 함께 마리오.

『슈퍼 마리오』의 코스를 자유롭게 만들어서 플레이할 수 있는 『슈퍼 마리오 메이커』 시리즈 완전 신작이 Nintendo Switch로 등장합니다.

새롭게 추가된 『슈퍼 마리오 3D 월드』의 게임 배경을 비롯해, 파츠와 코스 배경이 모두 볼륨 업. 편리한 기능도 많이 포함되어 있어 매력 넘치는 코스를 누구나 쉽고 쾌적하게 만들 수 있습니다.
Joy-Con을 나눔하면 2명이 같이 코스를 만들 수도 있습니다.

「플레이」에서는 직접 만든 코스를 언제든 플레이할 수 있을 뿐만 아니라 닌텐도가 만든 100종류 이상의 오리지널 신작 코스를 오프라인으로 곧바로 즐길 수 있는 「스토리 모드」가 새롭게 수록되어 있습니다.

또한 「세계의 코스」에서는 Nintendo Switch Online을 통해 직접 만든 코스를 전 세계의 유저들이 플레이할 수 있도록 등록하거나, 전 세계 플레이어가 만든 코스를 플레이하며 「전문가」로서의 실력을 갈고닦거나 즐겁게 경쟁할 수 있습니다.
하이라이트는 최대 4명까지 같은 코스에서 동시에 플레이할 수 있는 온라인 멀티 플레이입니다.
누가 가장 먼저 골인할 것인가! 분명 박진감 넘치는 배틀이 펼쳐질 것입니다!",✕ 1 ~ 4,액션,nintendo
요시 크래프트 월드,https://store.nintendo.co.kr/70010000018872,https://store.nintendo.co.kr/media/catalog/product/cache/8e9715bba90fc562158bff7d4731afc3/f/i/file_6_3.jpg,2019/3/29,"요시 크래프트 월드 체험판
다운로드 번호: D3GM 3303 RRBB SB6B



공작품 세계에서 요시가 대모험!
모험의 무대는 빈 상자나 종이컵 등을 사용한 공작품으로 만들어진 세계.
요시의 혀로 적을 낼름 먹거나, 특기인 알 던지기로 장치를 움직이는 등,
여기저기를 탐색하며 골을 노리는 횡스크롤 액션 게임입니다.

이번 작품에서는 한 번 코스를 클리어한 이후에도 즐길 거리가 많이 있습니다.
코스를 뒤집어서, 스타트 지점까지 역주행하는 「뒤 코스」가 수록되어 있어서,
앞에서는 보이지 않았던 뒤쪽까지 탐색할 수 있습니다.

Joy-Con™을 나눔하여, 2명의 요시로 협력해서 모험을 즐길 수 있습니다. 요시끼리 「업기」를 하면,
1명은 이동, 다른 1명은 알 던지기로 역할을 분담하여 즐길 수 있어서,
초보자와의 협력 플레이도 안심하고 즐길 수 있습니다.",한국닌텐도,액션,nintendo
뉴 슈퍼 마리오브라더스 U 디럭스,https://store.nintendo.co.kr/70010000017149,https://store.nintendo.co.kr/media/catalog/product/cache/8e9715bba90fc562158bff7d4731afc3/i/m/img_switch_adala_main_visual.jpg,2019/1/11,"총 164 코스로 디럭스하게 등장!

친숙한 이미지의 횡스크롤 마리오 액션 게임
『뉴 슈퍼 마리오브라더스』 시리즈의 최신작으로,
Nintendo Switch 버전으로 발매!

마리오와 루이지, 키노피오뿐만 아니라,
새롭게 「톳텐」과 「키노피코」가 조작할 수 있는 캐릭터로 추가되어,
액션 게임이 익숙하지 않은 분들도 안심하고 즐길 수 있습니다.

게다가 루이지가 주인공인 『뉴 슈퍼 루이지 U』도 수록되어 있으며,
게임 내 코스도 소프트웨어 2개 분량의 총 164 코스로 이루어져
디럭스한 볼륨으로 등장합니다.

Nintendo Switch여야 즐길 수 있는 나눔 플레이에도 대응하여,
언제, 어디서든, 최대 4명이서 가볍게 즐길 수 있습니다.",한국닌텐도,액션,nintendo
슈퍼 마리오 파티,https://store.nintendo.co.kr/70010000014607,https://store.nintendo.co.kr/media/catalog/product/cache/8e9715bba90fc562158bff7d4731afc3/s/u/super_mario_party.jpg,2018/10/5,"언제나, 어디서나, 슈퍼 마리오 파티!

Nintendo Switch의 특징을 살려 새롭게 진화한 「슈퍼 마리오 파티」!

Joy-Con을 나누어 TV 모드는 물론, 테이블 모드에서도,

언제나 어디서나 최대 4명까지 함께 플레이할 수 있습니다.

2대의 Nintendo Switch 본체를 맞대고 화면을 이어서

즐기는 새로운 플레이 방식을 시작으로,

주사위를 굴려 진행하는 기본적인 마리오 파티도

새로운 요소를 추가하여 슈퍼 진화!

또, 80 종류의 미니게임이 전부 수록되어 있어 다함께 간편하고도 즐겁게 플레이할 수 있습니다.",✕ 1 ~ 4,파티,nintendo
Captain Toad: Treasure Tracker,https://store.nintendo.co.kr/70010000011067,https://store.nintendo.co.kr/media/catalog/product/cache/8e9715bba90fc562158bff7d4731afc3/h/a/hacp_ajh9_wwillu01_03_r_ad-0.jpg,2018/7/13,"돌리고, 찾으며, 대모험.

장치로 가득한 네모 정원 코스를 빙글빙글 돌리거나,
터치로 지형을 움직이게 하거나 보물을 찾으면서 탐험합니다.

네모 정원 코스 안에는 『슈퍼 마리오 오디세이』에 나왔던
도시 왕국 「뉴동크시티」의 미니어처 코스도 포함되어 있어,
『슈퍼 마리오 오디세이』를 즐겼던 분들은 또 다른 재미를 느낄 수도 있습니다.
 
도시 왕국 「뉴동크시티」 코스는 게임을 진행해도 플레이할 수 있으며,
웨딩 스타일 amiibo를 이용하면 즉시 플레이할 수도 있습니다.

게다가 Joy-Con™을 나누어 둘이서 함께 플레이할 수 있습니다.
한 명은 키노피오대장을, 다른 한 명은 무를 던지거나
적의 움직임을 멈추거나 하며 키노피오대장을 도와,
혼자서 하는 것보다 더 쉽게 플레이할 수 있습니다.",한국닌텐도,어드벤처,nintendo
마리오 테니스 에이스,https://store.nintendo.co.kr/70010000010681,https://store.nintendo.co.kr/media/catalog/product/cache/8e9715bba90fc562158bff7d4731afc3/6/d/6d96293b9804b483a9aa1003564f96d6a90960d97353b09e9bceefcc2c4e6d01.jpg,2018/6/22,"가족, 친구와 함께 즐기는 본격 테니스 배틀!

최대 4명이 함께 플레이하며,
누구라도 랠리의 즐거움을 맛볼 수 있는 「마리오 테니스 에이스」

원하는 장소에 정확히 볼을 꽂을 수 있는 「조준 샷」이나,
멀리 떨어진 곳으로 오는 공을 받아치기 위한 「가속」, 궁극의 일격인 「스페셜 샷」 등
다양한 요소가 더해져 더욱 깊이 있는 전술을 펼칠 수 있습니다.

또한, Joy-Con을 테니스 라켓처럼 휘둘러 다양한 샷을 직감적으로 치는 「스윙 모드」
미션에 도전하거나 보스와의 배틀 등 색다른 테니스를 즐길 수 있는 1인용 「스토리 모드」도 수록.
TV로도, 휴대용으로도 테이블 모드로도 언제, 어디서든, 누구와도 테니스를 즐길 수 있습니다.",✕ 2 ~ 4,스포츠,nintendo
Donkey Kong Country: Tropical Freeze,https://store.nintendo.co.kr/70010000010680,https://store.nintendo.co.kr/media/catalog/product/cache/8e9715bba90fc562158bff7d4731afc3/f/i/file_3.jpg,2018/5/3,"동키콩 아일랜드가 꽁꽁 얼어 버렸다고!?

동키콩, 디디, 딕시, 크랭키는 물론
힘세고 쾌활한 서퍼 「펑키콩」으로도 플레이 가능!

펑키콩으로 플레이하면 펑키콩 특유의 액션으로
장치로 가득한 스릴 넘치는 스테이지도 기분 좋게 즐길 수 있다!

Nintendo Switch의 나눔 플레이에도 대응하므로
언제, 어디서든, 누구와도 펑키한 모험을 즐길 수 있습니다.",✕ 1 ~ 2,액션,nintendo
슈퍼 마리오 오디세이,https://store.nintendo.co.kr/70010000009372,https://store.nintendo.co.kr/media/catalog/product/cache/8e9715bba90fc562158bff7d4731afc3/f/i/file_1.jpg,2018/4/3,"마리오, 세계를 여행하다

Nintendo Switch 전용 소프트웨어로 신작 3D 마리오가 등장합니다.
세계의 다양한 스테이지를 종횡무진 달리는 마리오는
피치공주와 쿠파의 결혼식을 막기 위해 버섯 왕국을 떠납니다.
여행의 파트너인 ’캐피’와 함께 모자 액션이나 새로운 능력인 「캡처」를구사하며 미지의 왕국들을 누빕니다.",✕ 1 ~ 2,액션,nintendo
마리오 카트 8 디럭스,https://store.nintendo.co.kr/70010000009373,https://store.nintendo.co.kr/media/catalog/product/cache/8e9715bba90fc562158bff7d4731afc3/m/k/mk8_hero_1.jpg,2018/4/3,"모든 장소가 서킷! 레이스, 배틀, 모든 것이 디럭스.
시리즈 최다 42명의 캐릭터가 등장!
시리즈 최다 48종류의 코스를 수록!

기존의 풍선 배틀 외에도 새로운 규칙의 배틀도
추가되는 등 배틀 모드도 충실합니다.

「핸들 어시스트 기능」을 ON으로 하면 코스에서 이탈하지 않고 달릴 수 있어,

초보자도 안심하고 플레이할 수 있습니다.

거실의 TV로 가족과 즐기는 것은 물론, 밖에서도 플레이 OK.

언제 어디서나 본인이 원하는 스타일로 즐길 수 있습니다.

마리오 카트 8 디럭스 ＋ 부스터 코스 패스 세트도 판매 중이니 중복 구매가 되지 않도록 주의하시기 바랍니다.",✕ 1 ~ 4,"액션,레이싱",nintendo
마리오＋래비드 킹덤 배틀,https://store.nintendo.co.kr/70010000009377,https://store.nintendo.co.kr/media/catalog/product/cache/8e9715bba90fc562158bff7d4731afc3/m/r/mrk_hb.jpg,2018/4/3,"마리오와 래비드가 뭉쳤다!
전투와 탐험이 결합된 엉망진창 시뮬레이션 어드벤처

재미를 최고로 좋아하는 Ubisoft의 캐릭터 「래비드」가, 무슨 영문인지 마리오 월드로 들어오게 된다.
그로 인해 하늘엔 정체 모를 거대한 소용돌이가 나타나고, 버섯 왕국에는 이변이…
턴 방식의 전투에서 적과 싸우고, 다양한 수수께끼를 해결하는 시뮬레이션 어드벤처.
버섯 왕국을 되돌리기 위해 마리오 일행과 래비드의 ‘엉망진창’ 모험이 시작된다.",한국닌텐도,"어드벤처,시뮬레이션",nintendo
